image_url,scientific_name,common_name
https://static.inaturalist.org/photos/40074158/medium.jpg,Antigonon leptopus,珊瑚藤
https://static.inaturalist.org/photos/40077683/medium.jpg,Cleome rutidosperma,平伏莖白花菜
https://static.inaturalist.org/photos/41288155/medium.jpg,Plexippus paykulli,黑色蠅虎
https://static.inaturalist.org/photos/42175979/medium.jpg,Broussonetia papyrifera,構樹
https://static.inaturalist.org/photos/42176407/medium.jpg,Rivina humilis,數珠珊瑚
https://static.inaturalist.org/photos/45111044/medium.jpg,Euphorbia hirta,飛揚草
https://static.inaturalist.org/photos/45111051/medium.jpg,Tridax procumbens,長柄菊
https://static.inaturalist.org/photos/72853953/medium.jpeg,Leptocoris augur,小紅姬緣椿
https://static.inaturalist.org/photos/72854096/medium.jpeg,Koelreuteria elegans,台灣欒樹
https://inaturalist-open-data.s3.amazonaws.com/photos/72854177/medium.jpeg,Koelreuteria elegans,台灣欒樹
https://inaturalist-open-data.s3.amazonaws.com/photos/74872830/medium.jpg,Bidens alba,大花咸豐草
https://inaturalist-open-data.s3.amazonaws.com/photos/74872950/medium.jpg,Oxalis corniculata,黃花酢漿草
https://inaturalist-open-data.s3.amazonaws.com/photos/74873284/medium.jpg,Grona triflora,蠅翼草
https://inaturalist-open-data.s3.amazonaws.com/photos/74886301/medium.jpeg,Rivina humilis,數珠珊瑚
https://inaturalist-open-data.s3.amazonaws.com/photos/74893379/medium.jpeg,Malvastrum coromandelianum,賽葵
https://inaturalist-open-data.s3.amazonaws.com/photos/74894416/medium.jpg,Passiflora suberosa,三角西番蓮
https://inaturalist-open-data.s3.amazonaws.com/photos/74895253/medium.jpg,Nacaduba kurava therasia,埔里波紋小灰蝶
https://inaturalist-open-data.s3.amazonaws.com/photos/77567235/medium.jpg,Trypoxylus dichotomus,雙叉犀金龜
https://static.inaturalist.org/photos/137341119/medium.jpeg,Malvastrum coromandelianum,賽葵
https://static.inaturalist.org/photos/141865999/medium.jpg,Theretra silhetensis,單線條紋天蛾
https://static.inaturalist.org/photos/153858482/medium.jpeg,Cryptotympana takasagona,高砂熊蟬
